{
  "step_qonnx_to_finn": 2.9087066650390625e-05,
  "step_tidy_up": 0.01883077621459961,
  "step_streamline": 0.5148794651031494,
  "step_convert_to_hw": 0.004006385803222656,
  "step_create_dataflow_partition": 0.0021665096282958984,
  "step_specialize_layers": 0.0019495487213134766,
  "step_target_fps_parallelization": 0.004494190216064453,
  "step_apply_folding_config": 2.86102294921875e-06,
  "step_minimize_bit_width": 0.006433725357055664,
  "step_generate_estimate_reports": 2.86102294921875e-06,
  "step_hw_codegen": 0.5242559909820557,
  "step_hw_ipgen": 86.82359504699707,
  "step_set_fifo_depths": 36.905468225479126,
  "step_create_stitched_ip": 30.03505229949951,
  "step_measure_rtlsim_performance": 4.5051915645599365,
  "step_out_of_context_synthesis": 283.24065947532654,
  "step_synthesize_bitfile": 5.7220458984375e-06,
  "step_make_pynq_driver": 2.1457672119140625e-06,
  "step_deployment_package": 3.0994415283203125e-06
}