{
  "step_qonnx_to_finn": 2.5272369384765625e-05,
  "step_tidy_up": 0.02414679527282715,
  "step_streamline": 0.5214321613311768,
  "step_convert_to_hw": 0.004061698913574219,
  "step_create_dataflow_partition": 0.002103090286254883,
  "step_specialize_layers": 0.0018990039825439453,
  "step_target_fps_parallelization": 0.004642009735107422,
  "step_apply_folding_config": 3.0994415283203125e-06,
  "step_minimize_bit_width": 0.01531529426574707,
  "step_generate_estimate_reports": 0.006907939910888672
}